_Hex,_Red,_Green,_Blue,_Title,_Name,_grey,_X11,_SVG,
#808080,128,128,128,gray,,gray,diff,SVG,
#008000,0,128,0,green,,,diff,SVG,
#808080,128,128,128,grey,,grey,diff,SVG,
#800000,128,0,0,maroon,,,diff,SVG,
#800080,128,0,128,purple,,,diff,SVG,
#A9A9A9,169,169,169,darkgrey,,grey,none,SVG,
#F0F8FF,240,248,255,AliceBlue,alice-blue,,X11,SVG,
#FAEBD7,250,235,215,AntiqueWhite,antique-white,,X11,SVG,
#FFEFDB,255,239,219,AntiqueWhite1,,,X11,,
#EEDFCC,238,223,204,AntiqueWhite2,,,X11,,
#CDC0B0,205,192,176,AntiqueWhite3,,,X11,,
#8B8378,139,131,120,AntiqueWhite4,,,X11,,
#00FFFF,0,255,255,aqua,,,X11,SVG,
#7FFFD4,127,255,212,aquamarine,,,X11,SVG,
#7FFFD4,127,255,212,aquamarine1,,,X11,,
#76EEC6,118,238,198,aquamarine2,,,X11,,
#66CDAA,102,205,170,aquamarine3,,,X11,,
#458B74,69,139,116,aquamarine4,,,X11,,
#F0FFFF,240,255,255,azure,,,X11,SVG,
#F0FFFF,240,255,255,azure1,,,X11,,
#E0EEEE,224,238,238,azure2,,,X11,,
#C1CDCD,193,205,205,azure3,,,X11,,
#838B8B,131,139,139,azure4,,,X11,,
#F5F5DC,245,245,220,beige,,,X11,SVG,
#FFE4C4,255,228,196,bisque,,,X11,SVG,
#FFE4C4,255,228,196,bisque1,,,X11,,
#EED5B7,238,213,183,bisque2,,,X11,,
#CDB79E,205,183,158,bisque3,,,X11,,
#8B7D6B,139,125,107,bisque4,,,X11,,
#000000,0,0,0,black,,,X11,SVG,
#FFEBCD,255,235,205,BlanchedAlmond,blanched-almond,,X11,SVG,
#0000FF,0,0,255,blue,,,X11,SVG,
#0000FF,0,0,255,blue1,,,X11,,
#0000EE,0,0,238,blue2,,,X11,,
#0000CD,0,0,205,blue3,,,X11,,
#00008B,0,0,139,blue4,,,X11,,
#8A2BE2,138,43,226,BlueViolet,blue-violet,,X11,SVG,
#A52A2A,165,42,42,brown,,,X11,SVG,
#FF4040,255,64,64,brown1,,,X11,,
#EE3B3B,238,59,59,brown2,,,X11,,
#CD3333,205,51,51,brown3,,,X11,,
#8B2323,139,35,35,brown4,,,X11,,
#DEB887,222,184,135,burlywood,,,X11,SVG,
#FFD39B,255,211,155,burlywood1,,,X11,,
#EEC591,238,197,145,burlywood2,,,X11,,
#CDAA7D,205,170,125,burlywood3,,,X11,,
#8B7355,139,115,85,burlywood4,,,X11,,
#5F9EA0,95,158,160,CadetBlue,cadet-blue,,X11,SVG,
#98F5FF,152,245,255,CadetBlue1,,,X11,,
#8EE5EE,142,229,238,CadetBlue2,,,X11,,
#7AC5CD,122,197,205,CadetBlue3,,,X11,,
#53868B,83,134,139,CadetBlue4,,,X11,,
#7FFF00,127,255,0,chartreuse,,,X11,SVG,
#7FFF00,127,255,0,chartreuse1,,,X11,,
#76EE00,118,238,0,chartreuse2,,,X11,,
#66CD00,102,205,0,chartreuse3,,,X11,,
#458B00,69,139,0,chartreuse4,,,X11,,
#D2691E,210,105,30,chocolate,,,X11,SVG,
#FF7F24,255,127,36,chocolate1,,,X11,,
#EE7621,238,118,33,chocolate2,,,X11,,
#CD661D,205,102,29,chocolate3,,,X11,,
#8B4513,139,69,19,chocolate4,,,X11,,
#FF7F50,255,127,80,coral,,,X11,SVG,
#FF7256,255,114,86,coral1,,,X11,,
#EE6A50,238,106,80,coral2,,,X11,,
#CD5B45,205,91,69,coral3,,,X11,,
#8B3E2F,139,62,47,coral4,,,X11,,
#6495ED,100,149,237,CornflowerBlue,cornflower-blue,,X11,SVG,
#FFF8DC,255,248,220,cornsilk,,,X11,SVG,
#FFF8DC,255,248,220,cornsilk1,,,X11,,
#EEE8CD,238,232,205,cornsilk2,,,X11,,
#CDC8B1,205,200,177,cornsilk3,,,X11,,
#8B8878,139,136,120,cornsilk4,,,X11,,
#DC143C,220,20,60,crimson,,,X11,SVG,
#00FFFF,0,255,255,cyan,,,X11,SVG,
#00FFFF,0,255,255,cyan1,,,X11,,
#00EEEE,0,238,238,cyan2,,,X11,,
#00CDCD,0,205,205,cyan3,,,X11,,
#008B8B,0,139,139,cyan4,,,X11,,
#00008B,0,0,139,DarkBlue,dark-blue,,X11,SVG,
#008B8B,0,139,139,DarkCyan,dark-cyan,,X11,SVG,
#B8860B,184,134,11,DarkGoldenrod,dark-goldenrod,,X11,SVG,
#FFB90F,255,185,15,DarkGoldenrod1,,,X11,,
#EEAD0E,238,173,14,DarkGoldenrod2,,,X11,,
#CD950C,205,149,12,DarkGoldenrod3,,,X11,,
#8B6508,139,101,8,DarkGoldenrod4,,,X11,,
#A9A9A9,169,169,169,DarkGray,dark-gray,,X11,SVG,
#006400,0,100,0,DarkGreen,dark-green,,X11,SVG,
#BDB76B,189,183,107,DarkKhaki,dark-khaki,,X11,SVG,
#8B008B,139,0,139,DarkMagenta,dark-magenta,,X11,SVG,
#556B2F,85,107,47,DarkOliveGreen,dark-olive-green,,X11,SVG,
#CAFF70,202,255,112,DarkOliveGreen1,,,X11,,
#BCEE68,188,238,104,DarkOliveGreen2,,,X11,,
#A2CD5A,162,205,90,DarkOliveGreen3,,,X11,,
#6E8B3D,110,139,61,DarkOliveGreen4,,,X11,,
#FF8C00,255,140,0,DarkOrange,dark-orange,,X11,SVG,
#FF7F00,255,127,0,DarkOrange1,,,X11,,
#EE7600,238,118,0,DarkOrange2,,,X11,,
#CD6600,205,102,0,DarkOrange3,,,X11,,
#8B4500,139,69,0,DarkOrange4,,,X11,,
#9932CC,153,50,204,DarkOrchid,dark-orchid,,X11,SVG,
#BF3EFF,191,62,255,DarkOrchid1,,,X11,,
#B23AEE,178,58,238,DarkOrchid2,,,X11,,
#9A32CD,154,50,205,DarkOrchid3,,,X11,,
#68228B,104,34,139,DarkOrchid4,,,X11,,
#8B0000,139,0,0,DarkRed,dark-red,,X11,SVG,
#E9967A,233,150,122,DarkSalmon,dark-salmon,,X11,SVG,
#8FBC8F,143,188,143,DarkSeaGreen,dark-sea-green,,X11,SVG,
#C1FFC1,193,255,193,DarkSeaGreen1,,,X11,,
#B4EEB4,180,238,180,DarkSeaGreen2,,,X11,,
#9BCD9B,155,205,155,DarkSeaGreen3,,,X11,,
#698B69,105,139,105,DarkSeaGreen4,,,X11,,
#483D8B,72,61,139,DarkSlateBlue,dark-slate-blue,,X11,SVG,
#2F4F4F,47,79,79,DarkSlateGray,dark-slate-gray,gray,X11,SVG,
#97FFFF,151,255,255,DarkSlateGray1,gray,,X11,,
#8DEEEE,141,238,238,DarkSlateGray2,gray,,X11,,
#79CDCD,121,205,205,DarkSlateGray3,gray,,X11,,
#528B8B,82,139,139,DarkSlateGray4,gray,,X11,,
#2F4F4F,47,79,79,DarkSlateGrey,dark-slate-grey,grey,X11,SVG,
#00CED1,0,206,209,DarkTurquoise,dark-turquoise,,X11,SVG,
#9400D3,148,0,211,DarkViolet,dark-violet,,X11,SVG,
#FF1493,255,20,147,DeepPink,deep-pink,,X11,SVG,
#FF1493,255,20,147,DeepPink1,,,X11,,
#EE1289,238,18,137,DeepPink2,,,X11,,
#CD1076,205,16,118,DeepPink3,,,X11,,
#8B0A50,139,10,80,DeepPink4,,,X11,,
#00BFFF,0,191,255,DeepSkyBlue,deep-sky-blue,,X11,SVG,
#00BFFF,0,191,255,DeepSkyBlue1,,,X11,,
#00B2EE,0,178,238,DeepSkyBlue2,,,X11,,
#009ACD,0,154,205,DeepSkyBlue3,,,X11,,
#00688B,0,104,139,DeepSkyBlue4,,,X11,,
#696969,105,105,105,DimGray,dim-gray,gray,X11,SVG,
#696969,105,105,105,DimGrey,dim-grey,grey,X11,SVG,
#1E90FF,30,144,255,DodgerBlue,dodger-blue,,X11,SVG,
#1E90FF,30,144,255,DodgerBlue1,,,X11,,
#1C86EE,28,134,238,DodgerBlue2,,,X11,,
#1874CD,24,116,205,DodgerBlue3,,,X11,,
#104E8B,16,78,139,DodgerBlue4,,,X11,,
#B22222,178,34,34,firebrick,,,X11,SVG,
#FF3030,255,48,48,firebrick1,,,X11,,
#EE2C2C,238,44,44,firebrick2,,,X11,,
#CD2626,205,38,38,firebrick3,,,X11,,
#8B1A1A,139,26,26,firebrick4,,,X11,,
#FFFAF0,255,250,240,floral-white,,,X11,,
#FFFAF0,255,250,240,FloralWhite,,,X11,SVG,
#228B22,34,139,34,ForestGreen,forest-green,,X11,SVG,
#FF00FF,255,0,255,fuchsia,,,X11,SVG,
#DCDCDC,220,220,220,gainsboro,,,X11,SVG,
#F8F8FF,248,248,255,GhostWhite,ghost-white,,X11,SVG,
#FFD700,255,215,0,gold,,,X11,SVG,
#FFD700,255,215,0,gold1,,,X11,,
#EEC900,238,201,0,gold2,,,X11,,
#CDAD00,205,173,0,gold3,,,X11,,
#8B7500,139,117,0,gold4,,,X11,,
#DAA520,218,165,32,goldenrod,,,X11,SVG,
#FFC125,255,193,37,goldenrod1,,,X11,,
#EEB422,238,180,34,goldenrod2,,,X11,,
#CD9B1D,205,155,29,goldenrod3,,,X11,,
#8B6914,139,105,20,goldenrod4,,,X11,,
#BEBEBE,190,190,190,gray,,gray,X11,diff,
#000000,0,0,0,gray0,,gray,X11,,
#030303,3,3,3,gray1,,gray,X11,,
#1A1A1A,26,26,26,gray10,,gray,X11,,
#FFFFFF,255,255,255,gray100,,gray,X11,,
#1C1C1C,28,28,28,gray11,,gray,X11,,
#1F1F1F,31,31,31,gray12,,gray,X11,,
#212121,33,33,33,gray13,,gray,X11,,
#242424,36,36,36,gray14,,gray,X11,,
#262626,38,38,38,gray15,,gray,X11,,
#292929,41,41,41,gray16,,gray,X11,,
#2B2B2B,43,43,43,gray17,,gray,X11,,
#2E2E2E,46,46,46,gray18,,gray,X11,,
#303030,48,48,48,gray19,,gray,X11,,
#050505,5,5,5,gray2,,gray,X11,,
#333333,51,51,51,gray20,,gray,X11,,
#363636,54,54,54,gray21,,gray,X11,,
#383838,56,56,56,gray22,,gray,X11,,
#3B3B3B,59,59,59,gray23,,gray,X11,,
#3D3D3D,61,61,61,gray24,,gray,X11,,
#404040,64,64,64,gray25,,gray,X11,,
#424242,66,66,66,gray26,,gray,X11,,
#454545,69,69,69,gray27,,gray,X11,,
#474747,71,71,71,gray28,,gray,X11,,
#4A4A4A,74,74,74,gray29,,gray,X11,,
#080808,8,8,8,gray3,,gray,X11,,
#4D4D4D,77,77,77,gray30,,gray,X11,,
#4F4F4F,79,79,79,gray31,,gray,X11,,
#525252,82,82,82,gray32,,gray,X11,,
#545454,84,84,84,gray33,,gray,X11,,
#575757,87,87,87,gray34,,gray,X11,,
#595959,89,89,89,gray35,,gray,X11,,
#5C5C5C,92,92,92,gray36,,gray,X11,,
#5E5E5E,94,94,94,gray37,,gray,X11,,
#616161,97,97,97,gray38,,gray,X11,,
#636363,99,99,99,gray39,,gray,X11,,
#0A0A0A,10,10,10,gray4,,gray,X11,,
#026666,2,102,102,gray40,,gray,X11,,
#696969,105,105,105,gray41,,gray,X11,,
#6B6B6B,107,107,107,gray42,,gray,X11,,
#6E6E6E,110,110,110,gray43,,gray,X11,,
#707070,112,112,112,gray44,,gray,X11,,
#737373,115,115,115,gray45,,gray,X11,,
#757575,117,117,117,gray46,,gray,X11,,
#787878,120,120,120,gray47,,gray,X11,,
#7A7A7A,122,122,122,gray48,,gray,X11,,
#7D7D7D,125,125,125,gray49,,gray,X11,,
#0D0D0D,13,13,13,gray5,,gray,X11,,
#7F7F7F,127,127,127,gray50,,gray,X11,,
#828282,130,130,130,gray51,,gray,X11,,
#858585,133,133,133,gray52,,gray,X11,,
#878787,135,135,135,gray53,,gray,X11,,
#8A8A8A,138,138,138,gray54,,gray,X11,,
#8C8C8C,140,140,140,gray55,,gray,X11,,
#8F8F8F,143,143,143,gray56,,gray,X11,,
#919191,145,145,145,gray57,,gray,X11,,
#949494,148,148,148,gray58,,gray,X11,,
#969696,150,150,150,gray59,,gray,X11,,
#0F0F0F,15,15,15,gray6,,gray,X11,,
#999999,153,153,153,gray60,,gray,X11,,
#9C9C9C,156,156,156,gray61,,gray,X11,,
#9E9E9E,158,158,158,gray62,,gray,X11,,
#A1A1A1,161,161,161,gray63,,gray,X11,,
#A3A3A3,163,163,163,gray64,,gray,X11,,
#A6A6A6,166,166,166,gray65,,gray,X11,,
#A8A8A8,168,168,168,gray66,,gray,X11,,
#ABABAB,171,171,171,gray67,,gray,X11,,
#ADADAD,173,173,173,gray68,,gray,X11,,
#B0B0B0,176,176,176,gray69,,gray,X11,,
#121212,18,18,18,gray7,,gray,X11,,
#B3B3B3,179,179,179,gray70,,gray,X11,,
#B5B5B5,181,181,181,gray71,,gray,X11,,
#B8B8B8,184,184,184,gray72,,gray,X11,,
#BABABA,186,186,186,gray73,,gray,X11,,
#BDBDBD,189,189,189,gray74,,gray,X11,,
#BFBFBF,191,191,191,gray75,,gray,X11,,
#C2C2C2,194,194,194,gray76,,gray,X11,,
#C4C4C4,196,196,196,gray77,,gray,X11,,
#C7C7C7,199,199,199,gray78,,gray,X11,,
#C9C9C9,201,201,201,gray79,,gray,X11,,
#141414,20,20,20,gray8,,gray,X11,,
#CCCCCC,204,204,204,gray80,,gray,X11,,
#CFCFCF,207,207,207,gray81,,gray,X11,,
#D1D1D1,209,209,209,gray82,,gray,X11,,
#D4D4D4,212,212,212,gray83,,gray,X11,,
#D6D6D6,214,214,214,gray84,,gray,X11,,
#D9D9D9,217,217,217,gray85,,gray,X11,,
#DBDBDB,219,219,219,gray86,,gray,X11,,
#DEDEDE,222,222,222,gray87,,gray,X11,,
#E0E0E0,224,224,224,gray88,,gray,X11,,
#E3E3E3,227,227,227,gray89,,gray,X11,,
#171717,23,23,23,gray9,,gray,X11,,
#E5E5E5,229,229,229,gray90,,gray,X11,,
#E8E8E8,232,232,232,gray91,,gray,X11,,
#EBEBEB,235,235,235,gray92,,gray,X11,,
#EDEDED,237,237,237,gray93,,gray,X11,,
#F0F0F0,240,240,240,gray94,,gray,X11,,
#F2F2F2,242,242,242,gray95,,gray,X11,,
#F5F5F5,245,245,245,gray96,,gray,X11,,
#F7F7F7,247,247,247,gray97,,gray,X11,,
#FAFAFA,250,250,250,gray98,,gray,X11,,
#FCFCFC,252,252,252,gray99,,gray,X11,,
#00FF00,0,255,0,green,,,X11,diff,
#00FF00,0,255,0,green1,,,X11,,
#00EE00,0,238,0,green2,,,X11,,
#00CD00,0,205,0,green3,,,X11,,
#008B00,0,139,0,green4,,,X11,,
#ADFF2F,173,255,47,GreenYellow,green-yellow,,X11,SVG,
#BEBEBE,190,190,190,grey,,grey,X11,diff,
#000000,0,0,0,grey0,,grey,X11,,
#030303,3,3,3,grey1,,grey,X11,,
#1A1A1A,26,26,26,grey10,,grey,X11,,
#FFFFFF,255,255,255,grey100,,grey,X11,,
#1C1C1C,28,28,28,grey11,,grey,X11,,
#1F1F1F,31,31,31,grey12,,grey,X11,,
#212121,33,33,33,grey13,,grey,X11,,
#242424,36,36,36,grey14,,grey,X11,,
#262626,38,38,38,grey15,,grey,X11,,
#292929,41,41,41,grey16,,grey,X11,,
#2B2B2B,43,43,43,grey17,,grey,X11,,
#2E2E2E,46,46,46,grey18,,grey,X11,,
#303030,48,48,48,grey19,,grey,X11,,
#050505,5,5,5,grey2,,grey,X11,,
#333333,51,51,51,grey20,,grey,X11,,
#363636,54,54,54,grey21,,grey,X11,,
#383838,56,56,56,grey22,,grey,X11,,
#3B3B3B,59,59,59,grey23,,grey,X11,,
#3D3D3D,61,61,61,grey24,,grey,X11,,
#404040,64,64,64,grey25,,grey,X11,,
#424242,66,66,66,grey26,,grey,X11,,
#454545,69,69,69,grey27,,grey,X11,,
#474747,71,71,71,grey28,,grey,X11,,
#4A4A4A,74,74,74,grey29,,grey,X11,,
#080808,8,8,8,grey3,,grey,X11,,
#4D4D4D,77,77,77,grey30,,grey,X11,,
#4F4F4F,79,79,79,grey31,,grey,X11,,
#525252,82,82,82,grey32,,grey,X11,,
#545454,84,84,84,grey33,,grey,X11,,
#575757,87,87,87,grey34,,grey,X11,,
#595959,89,89,89,grey35,,grey,X11,,
#5C5C5C,92,92,92,grey36,,grey,X11,,
#5E5E5E,94,94,94,grey37,,grey,X11,,
#616161,97,97,97,grey38,,grey,X11,,
#636363,99,99,99,grey39,,grey,X11,,
#0A0A0A,10,10,10,grey4,,grey,X11,,
#666666,102,102,102,grey40,,grey,X11,,
#696969,105,105,105,grey41,,grey,X11,,
#6B6B6B,107,107,107,grey42,,grey,X11,,
#6E6E6E,110,110,110,grey43,,grey,X11,,
#707070,112,112,112,grey44,,grey,X11,,
#737373,115,115,115,grey45,,grey,X11,,
#757575,117,117,117,grey46,,grey,X11,,
#787878,120,120,120,grey47,,grey,X11,,
#7A7A7A,122,122,122,grey48,,grey,X11,,
#7D7D7D,125,125,125,grey49,,grey,X11,,
#0D0D0D,13,13,13,grey5,,grey,X11,,
#7F7F7F,127,127,127,grey50,,grey,X11,,
#828282,130,130,130,grey51,,grey,X11,,
#858585,133,133,133,grey52,,grey,X11,,
#878787,135,135,135,grey53,,grey,X11,,
#8A8A8A,138,138,138,grey54,,grey,X11,,
#8C8C8C,140,140,140,grey55,,grey,X11,,
#8F8F8F,143,143,143,grey56,,grey,X11,,
#919191,145,145,145,grey57,,grey,X11,,
#949494,148,148,148,grey58,,grey,X11,,
#969696,150,150,150,grey59,,grey,X11,,
#0F0F0F,15,15,15,grey6,,grey,X11,,
#999999,153,153,153,grey60,,grey,X11,,
#9C9C9C,156,156,156,grey61,,grey,X11,,
#9E9E9E,158,158,158,grey62,,grey,X11,,
#A1A1A1,161,161,161,grey63,,grey,X11,,
#A3A3A3,163,163,163,grey64,,grey,X11,,
#A6A6A6,166,166,166,grey65,,grey,X11,,
#A8A8A8,168,168,168,grey66,,grey,X11,,
#ABABAB,171,171,171,grey67,,grey,X11,,
#ADADAD,173,173,173,grey68,,grey,X11,,
#B0B0B0,176,176,176,grey69,,grey,X11,,
#121212,18,18,18,grey7,,grey,X11,,
#B3B3B3,179,179,179,grey70,,grey,X11,,
#B5B5B5,181,181,181,grey71,,grey,X11,,
#B8B8B8,184,184,184,grey72,,grey,X11,,
#BABABA,186,186,186,grey73,,grey,X11,,
#BDBDBD,189,189,189,grey74,,grey,X11,,
#BFBFBF,191,191,191,grey75,,grey,X11,,
#C2C2C2,194,194,194,grey76,,grey,X11,,
#C4C4C4,196,196,196,grey77,,grey,X11,,
#C7C7C7,199,199,199,grey78,,grey,X11,,
#C9C9C9,201,201,201,grey79,,grey,X11,,
#141414,20,20,20,grey8,,grey,X11,,
#CCCCCC,204,204,204,grey80,,grey,X11,,
#CFCFCF,207,207,207,grey81,,grey,X11,,
#D1D1D1,209,209,209,grey82,,grey,X11,,
#D4D4D4,212,212,212,grey83,,grey,X11,,
#D6D6D6,214,214,214,grey84,,grey,X11,,
#D9D9D9,217,217,217,grey85,,grey,X11,,
#DBDBDB,219,219,219,grey86,,grey,X11,,
#DEDEDE,222,222,222,grey87,,grey,X11,,
#E0E0E0,224,224,224,grey88,,grey,X11,,
#E3E3E3,227,227,227,grey89,,grey,X11,,
#171717,23,23,23,grey9,,grey,X11,,
#E5E5E5,229,229,229,grey90,,grey,X11,,
#E8E8E8,232,232,232,grey91,,grey,X11,,
#EBEBEB,235,235,235,grey92,,grey,X11,,
#EDEDED,237,237,237,grey93,,grey,X11,,
#F0F0F0,240,240,240,grey94,,grey,X11,,
#F2F2F2,242,242,242,grey95,,grey,X11,,
#F5F5F5,245,245,245,grey96,,grey,X11,,
#F7F7F7,247,247,247,grey97,,grey,X11,,
#FAFAFA,250,250,250,grey98,,grey,X11,,
#FCFCFC,252,252,252,grey99,,grey,X11,,
#F0FFF0,240,255,240,honeydew,,,X11,SVG,
#F0FFF0,240,255,240,honeydew1,,,X11,,
#E0EEE0,224,238,224,honeydew2,,,X11,,
#C1CDC1,193,205,193,honeydew3,,,X11,,
#838B83,131,139,131,honeydew4,,,X11,,
#FF69B4,255,105,180,HotPink,hot-pink,,X11,SVG,
#FF6EB4,255,110,180,HotPink1,,,X11,,
#EE6AA7,238,106,167,HotPink2,,,X11,,
#CD6090,205,96,144,HotPink3,,,X11,,
#8B3A62,139,58,98,HotPink4,,,X11,,
#CD5C5C,205,92,92,IndianRed,indian-red,,X11,SVG,
#FF6A6A,255,106,106,IndianRed1,,,X11,,
#EE6363,238,99,99,IndianRed2,,,X11,,
#CD5555,205,85,85,IndianRed3,,,X11,,
#8B3A3A,139,58,58,IndianRed4,,,X11,,
#4B0082,75,0,130,indigo,,,X11,SVG,
#FFFFF0,255,255,240,ivory,,,X11,SVG,
#FFFFF0,255,255,240,ivory1,,,X11,,
#EEEEE0,238,238,224,ivory2,,,X11,,
#CDCDC1,205,205,193,ivory3,,,X11,,
#8B8B83,139,139,131,ivory4,,,X11,,
#F0E68C,240,230,140,khaki,,,X11,SVG,
#FFF68F,255,246,143,khaki1,,,X11,,
#EEE685,238,230,133,khaki2,,,X11,,
#CDC673,205,198,115,khaki3,,,X11,,
#8B864E,139,134,78,khaki4,,,X11,,
#E6E6FA,230,230,250,lavender,,,X11,SVG,
#FFF0F5,255,240,245,LavenderBlush,lavender-blush,,X11,SVG,
#FFF0F5,255,240,245,LavenderBlush1,,,X11,,
#EEE0E5,238,224,229,LavenderBlush2,,,X11,,
#CDC1C5,205,193,197,LavenderBlush3,,,X11,,
#8B8386,139,131,134,LavenderBlush4,,,X11,,
#7CFC00,124,252,0,LawnGreen,lawn-green,,X11,SVG,
#FFFACD,255,250,205,LemonChiffon,lemon-chiffon,,X11,SVG,
#FFFACD,255,250,205,LemonChiffon1,,,X11,,
#EEE9BF,238,233,191,LemonChiffon2,,,X11,,
#CDC9A5,205,201,165,LemonChiffon3,,,X11,,
#8B8970,139,137,112,LemonChiffon4,,,X11,,
#ADD8E6,173,216,230,LightBlue,light-blue,,X11,SVG,
#BFEFFF,191,239,255,LightBlue1,,,X11,,
#B2DFEE,178,223,238,LightBlue2,,,X11,,
#9AC0CD,154,192,205,LightBlue3,,,X11,,
#68838B,104,131,139,LightBlue4,,,X11,,
#F08080,240,128,128,LightCoral,light-coral,,X11,SVG,
#E0FFFF,224,255,255,LightCyan,light-cyan,,X11,SVG,
#E0FFFF,224,255,255,LightCyan1,,,X11,,
#D1EEEE,209,238,238,LightCyan2,,,X11,,
#B4CDCD,180,205,205,LightCyan3,,,X11,,
#7A8B8B,122,139,139,LightCyan4,,,X11,,
#EEDD82,238,221,130,LightGoldenrod,light-goldenrod,,X11,,
#FFEC8B,255,236,139,LightGoldenrod1,,,X11,,
#EEDC82,238,220,130,LightGoldenrod2,,,X11,,
#CDBE70,205,190,112,LightGoldenrod3,,,X11,,
#8B814C,139,129,76,LightGoldenrod4,,,X11,,
#FAFAD2,250,250,210,LightGoldenrodYellow,light-goldenrod-yellow,,X11,SVG,
#D3D3D3,211,211,211,LightGray,light-gray,grey,X11,SVG,
#90EE90,144,238,144,LightGreen,light-green,,X11,SVG,
#D3D3D3,211,211,211,LightGrey,light-grey,gray,X11,SVG,
#FFB6C1,255,182,193,LightPink,light-pink,,X11,SVG,
#FFAEB9,255,174,185,LightPink1,,,X11,,
#EEA2AD,238,162,173,LightPink2,,,X11,,
#CD8C95,205,140,149,LightPink3,,,X11,,
#8B5F65,139,95,101,LightPink4,,,X11,,
#FFA07A,255,160,122,LightSalmon,light-salmon,,X11,SVG,
#FFA07A,255,160,122,LightSalmon1,,,X11,,
#EE9572,238,149,114,LightSalmon2,,,X11,,
#CD8162,205,129,98,LightSalmon3,,,X11,,
#8B5742,139,87,66,LightSalmon4,,,X11,,
#20B2AA,32,178,170,LightSeaGreen,light-sea-green,,X11,SVG,
#87CEFA,135,206,250,LightSkyBlue,light-sky-blue,,X11,SVG,
#B0E2FF,176,226,255,LightSkyBlue1,,,X11,,
#A4D3EE,164,211,238,LightSkyBlue2,,,X11,,
#8DB6CD,141,182,205,LightSkyBlue3,,,X11,,
#607B8B,96,123,139,LightSkyBlue4,,,X11,,
#8470FF,132,112,255,LightSlateBlue,light-slate-blue,,X11,,
#778899,119,136,153,LightSlateGray,light-slate-gray,gray,X11,SVG,
#778899,119,136,153,LightSlateGrey,light-slate-grey,grey,X11,SVG,
#B0C4DE,176,196,222,LightSteelBlue,light-steel-blue,,X11,SVG,
#CAE1FF,202,225,255,LightSteelBlue1,,,X11,,
#BCD2EE,188,210,238,LightSteelBlue2,,,X11,,
#A2B5CD,162,181,205,LightSteelBlue3,,,X11,,
#6E7B8B,110,123,139,LightSteelBlue4,,,X11,,
#FFFFE0,255,255,224,LightYellow,light-yellow,,X11,SVG,
#FFFFE0,255,255,224,LightYellow1,,,X11,,
#EEEED1,238,238,209,LightYellow2,,,X11,,
#CDCDB4,205,205,180,LightYellow3,,,X11,,
#8B8B7A,139,139,122,LightYellow4,,,X11,,
#00FF00,0,255,0,lime,,,X11,SVG,
#32CD32,50,205,50,LimeGreen,lime-green,,X11,SVG,
#FAF0E6,250,240,230,linen,,,X11,SVG,
#FF00FF,255,0,255,magenta,,,X11,SVG,
#FF00FF,255,0,255,magenta1,,,X11,,
#EE00EE,238,0,238,magenta2,,,X11,,
#CD00CD,205,0,205,magenta3,,,X11,,
#8B008B,139,0,139,magenta4,,,X11,,
#B03060,176,48,96,maroon,,,X11,diff,
#FF34B3,255,52,179,maroon1,,,X11,,
#EE30A7,238,48,167,maroon2,,,X11,,
#CD2990,205,41,144,maroon3,,,X11,,
#8B1C62,139,28,98,maroon4,,,X11,,
#66CDAA,102,205,170,MediumAquamarine,medium-aquamarine,,X11,SVG,
#0000CD,0,0,205,MediumBlue,medium-blue,,X11,SVG,
#BA55D3,186,85,211,MediumOrchid,medium-orchid,,X11,SVG,
#E066FF,224,102,255,MediumOrchid1,,,X11,,
#D15FEE,209,95,238,MediumOrchid2,,,X11,,
#B452CD,180,82,205,MediumOrchid3,,,X11,,
#7A378B,122,55,139,MediumOrchid4,,,X11,,
#9370DB,147,112,219,MediumPurple,medium-purple,,X11,SVG,
#AB82FF,171,130,255,MediumPurple1,,,X11,,
#9F79EE,159,121,238,MediumPurple2,,,X11,,
#8968CD,137,104,205,MediumPurple3,,,X11,,
#5D478B,93,71,139,MediumPurple4,,,X11,,
#3CB371,60,179,113,MediumSeaGreen,medium-sea-green,,X11,SVG,
#7B68EE,123,104,238,MediumSlateBlue,medium-slate-blue,,X11,SVG,
#00FA9A,0,250,154,MediumSpringGreen,medium-spring-green,,X11,SVG,
#48D1CC,72,209,204,MediumTurquoise,medium-turquoise,,X11,SVG,
#C71585,199,21,133,MediumVioletRed,medium-violet-red,,X11,SVG,
#191970,25,25,112,MidnightBlue,midnight-blue,,X11,SVG,
#F5FFFA,245,255,250,MintCream,mint-cream,,X11,SVG,
#FFE4E1,255,228,225,MistyRose,misty-rose,,X11,SVG,
#FFE4E1,255,228,225,MistyRose1,,,X11,,
#EED5D2,238,213,210,MistyRose2,,,X11,,
#CDB7B5,205,183,181,MistyRose3,,,X11,,
#8B7D7B,139,125,123,MistyRose4,,,X11,,
#FFE4B5,255,228,181,moccasin,,,X11,SVG,
#FFDEAD,255,222,173,NavajoWhite,navajo-white,,X11,SVG,
#FFDEAD,255,222,173,NavajoWhite1,,,X11,,
#EECFA1,238,207,161,NavajoWhite2,,,X11,,
#CDB38B,205,179,139,NavajoWhite3,,,X11,,
#8B795E,139,121,94,NavajoWhite4,,,X11,,
#000080,0,0,128,navy,,,X11,SVG,
#000080,0,0,128,NavyBlue,navy-blue,,X11,,
#FDF5E6,253,245,230,OldLace,old-lace,,X11,SVG,
#808000,128,128,0,olive,,,X11,SVG,
#6B8E23,107,142,35,OliveDrab,olive-drab,,X11,SVG,
#C0FF3E,192,255,62,OliveDrab1,,,X11,,
#B3EE3A,179,238,58,OliveDrab2,,,X11,,
#9ACD32,154,205,50,OliveDrab3,,,X11,,
#698B22,105,139,34,OliveDrab4,,,X11,,
#FFA500,255,165,0,orange,,,X11,SVG,
#FFA500,255,165,0,orange1,,,X11,,
#EE9A00,238,154,0,orange2,,,X11,,
#CD8500,205,133,0,orange3,,,X11,,
#8B5A00,139,90,0,orange4,,,X11,,
#FF4500,255,69,0,OrangeRed,orange-red,,X11,SVG,
#FF4500,255,69,0,OrangeRed1,,,X11,,
#EE4000,238,64,0,OrangeRed2,,,X11,,
#CD3700,205,55,0,OrangeRed3,,,X11,,
#8B2500,139,37,0,OrangeRed4,,,X11,,
#DA70D6,218,112,214,orchid,,,X11,SVG,
#FF83FA,255,131,250,orchid1,,,X11,,
#EE7AE9,238,122,233,orchid2,,,X11,,
#CD69C9,205,105,201,orchid3,,,X11,,
#8B4789,139,71,137,orchid4,,,X11,,
#EEE8AA,238,232,170,PaleGoldenrod,pale-goldenrod,,X11,SVG,
#98FB98,152,251,152,PaleGreen,pale-green,,X11,SVG,
#9AFF9A,154,255,154,PaleGreen1,,,X11,,
#90EE90,144,238,144,PaleGreen2,,,X11,,
#7CCD7C,124,205,124,PaleGreen3,,,X11,,
#548B54,84,139,84,PaleGreen4,,,X11,,
#AFEEEE,175,238,238,PaleTurquoise,pale-turquoise,,X11,SVG,
#BBFFFF,187,255,255,PaleTurquoise1,,,X11,,
#AEEEEE,174,238,238,PaleTurquoise2,,,X11,,
#96CDCD,150,205,205,PaleTurquoise3,,,X11,,
#668B8B,102,139,139,PaleTurquoise4,,,X11,,
#DB7093,219,112,147,PaleVioletRed,pale-violet-red,,X11,SVG,
#FF82AB,255,130,171,PaleVioletRed1,,,X11,,
#EE799F,238,121,159,PaleVioletRed2,,,X11,,
#CD6889,205,104,137,PaleVioletRed3,,,X11,,
#8B475D,139,71,93,PaleVioletRed4,,,X11,,
#FFEFD5,255,239,213,PapayaWhip,papaya-whip,,X11,SVG,
#FFDAB9,255,218,185,PeachPuff,peach-puff,,X11,SVG,
#FFDAB9,255,218,185,PeachPuff1,,,X11,,
#EECBAD,238,203,173,PeachPuff2,,,X11,,
#CDAF95,205,175,149,PeachPuff3,,,X11,,
#8B7765,139,119,101,PeachPuff4,,,X11,,
#CD853F,205,133,63,peru,,,X11,SVG,
#FFC0CB,255,192,203,pink,,,X11,SVG,
#FFB5C5,255,181,197,pink1,,,X11,,
#EEA9B8,238,169,184,pink2,,,X11,,
#CD919E,205,145,158,pink3,,,X11,,
#8B636C,139,99,108,pink4,,,X11,,
#DDA0DD,221,160,221,plum,,,X11,SVG,
#FFBBFF,255,187,255,plum1,,,X11,,
#EEAEEE,238,174,238,plum2,,,X11,,
#CD96CD,205,150,205,plum3,,,X11,,
#8B668B,139,102,139,plum4,,,X11,,
#B0E0E6,176,224,230,PowderBlue,powder-blue,,X11,SVG,
#A020F0,160,32,240,purple,,,X11,diff,
#9B30FF,155,48,255,purple1,,,X11,,
#912CEE,145,44,238,purple2,,,X11,,
#7D26CD,125,38,205,purple3,,,X11,,
#551A8B,85,26,139,purple4,,,X11,,
#663399,102,51,153,RebeccaPurple,rebecca-purple,,X11,,
#FF0000,255,0,0,red,,,X11,SVG,
#FF0000,255,0,0,red1,,,X11,,
#EE0000,238,0,0,red2,,,X11,,
#CD0000,205,0,0,red3,,,X11,,
#8B0000,139,0,0,red4,,,X11,,
#BC8F8F,188,143,143,RosyBrown,rosy-brown,,X11,SVG,
#FFC1C1,255,193,193,RosyBrown1,,,X11,,
#EEB4B4,238,180,180,RosyBrown2,,,X11,,
#CD9B9B,205,155,155,RosyBrown3,,,X11,,
#8B6969,139,105,105,RosyBrown4,,,X11,,
#4169E1,65,105,225,RoyalBlue,royal-blue,,X11,SVG,
#4876FF,72,118,255,RoyalBlue1,,,X11,,
#436EEE,67,110,238,RoyalBlue2,,,X11,,
#3A5FCD,58,95,205,RoyalBlue3,,,X11,,
#27408B,39,64,139,RoyalBlue4,,,X11,,
#8B4513,139,69,19,SaddleBrown,saddle-brown,,X11,SVG,
#FA8072,250,128,114,salmon,,,X11,SVG,
#FF8C69,255,140,105,salmon1,,,X11,,
#EE8262,238,130,98,salmon2,,,X11,,
#CD7054,205,112,84,salmon3,,,X11,,
#8B4C39,139,76,57,salmon4,,,X11,,
#F4A460,244,164,96,SandyBrown,sandy-brown,,X11,SVG,
#2E8B57,46,139,87,SeaGreen,sea-green,,X11,SVG,
#54FF9F,84,255,159,SeaGreen1,,,X11,,
#4EEE94,78,238,148,SeaGreen2,,,X11,,
#43CD80,67,205,128,SeaGreen3,,,X11,,
#2E8B57,46,139,87,SeaGreen4,,,X11,,
#FFF5EE,255,245,238,seashell,,,X11,SVG,
#FFF5EE,255,245,238,seashell1,,,X11,,
#EEE5DE,238,229,222,seashell2,,,X11,,
#CDC5BF,205,197,191,seashell3,,,X11,,
#8B8682,139,134,130,seashell4,,,X11,,
#A0522D,160,82,45,sienna,,,X11,SVG,
#FF8247,255,130,71,sienna1,,,X11,,
#EE7942,238,121,66,sienna2,,,X11,,
#CD6839,205,104,57,sienna3,,,X11,,
#8B4726,139,71,38,sienna4,,,X11,,
#C0C0C0,192,192,192,silver,,,X11,SVG,
#87CEEB,135,206,235,SkyBlue,sky-blue,,X11,SVG,
#87CEFF,135,206,255,SkyBlue1,,,X11,,
#7EC0EE,126,192,238,SkyBlue2,,,X11,,
#6CA6CD,108,166,205,SkyBlue3,,,X11,,
#4A708B,74,112,139,SkyBlue4,,,X11,,
#6A5ACD,106,90,205,SlateBlue,slate-blue,,X11,SVG,
#836FFF,131,111,255,SlateBlue1,,,X11,,
#7A67EE,122,103,238,SlateBlue2,,,X11,,
#6959CD,105,89,205,SlateBlue3,,,X11,,
#473C8B,71,60,139,SlateBlue4,,,X11,,
#708090,112,128,144,SlateGray,slate-gray,gray,X11,SVG,
#C6E2FF,198,226,255,SlateGray1,gray,,X11,,
#B9D3EE,185,211,238,SlateGray2,gray,,X11,,
#9FB6CD,159,182,205,SlateGray3,gray,,X11,,
#6C7B8B,108,123,139,SlateGray4,gray,,X11,,
#708090,112,128,144,SlateGrey,slate-grey,grey,X11,SVG,
#FFFAFA,255,250,250,snow,,,X11,SVG,
#FFFAFA,255,250,250,snow1,,,X11,,
#EEE9E9,238,233,233,snow2,,,X11,,
#CDC9C9,205,201,201,snow3,,,X11,,
#8B8989,139,137,137,snow4,,,X11,,
#00FF7F,0,255,127,SpringGreen,spring-green,,X11,SVG,
#00FF7F,0,255,127,SpringGreen1,,,X11,,
#00EE76,0,238,118,SpringGreen2,,,X11,,
#00CD66,0,205,102,SpringGreen3,,,X11,,
#008B45,0,139,69,SpringGreen4,,,X11,,
#4682B4,70,130,180,SteelBlue,steel-blue,,X11,SVG,
#63B8FF,99,184,255,SteelBlue1,,,X11,,
#5CACEE,92,172,238,SteelBlue2,,,X11,,
#4F94CD,79,148,205,SteelBlue3,,,X11,,
#36648B,54,100,139,SteelBlue4,,,X11,,
#D2B48C,210,180,140,tan,,,X11,SVG,
#FFA54F,255,165,79,tan1,,,X11,,
#EE9A49,238,154,73,tan2,,,X11,,
#CD853F,205,133,63,tan3,,,X11,,
#8B5A2B,139,90,43,tan4,,,X11,,
#008080,0,128,128,teal,,,X11,SVG,
#D8BFD8,216,191,216,thistle,,,X11,SVG,
#FFE1FF,255,225,255,thistle1,,,X11,,
#EED2EE,238,210,238,thistle2,,,X11,,
#CDB5CD,205,181,205,thistle3,,,X11,,
#8B7B8B,139,123,139,thistle4,,,X11,,
#FF6347,255,99,71,tomato,,,X11,SVG,
#FF6347,255,99,71,tomato1,,,X11,,
#EE5C42,238,92,66,tomato2,,,X11,,
#CD4F39,205,79,57,tomato3,,,X11,,
#8B3626,139,54,38,tomato4,,,X11,,
#40E0D0,64,224,208,turquoise,,,X11,SVG,
#00F5FF,0,245,255,turquoise1,,,X11,,
#00E5EE,0,229,238,turquoise2,,,X11,,
#00C5CD,0,197,205,turquoise3,,,X11,,
#00868B,0,134,139,turquoise4,,,X11,,
#EE82EE,238,130,238,violet,,,X11,SVG,
#D02090,208,32,144,VioletRed,violet-red,,X11,,
#FF3E96,255,62,150,VioletRed1,,,X11,,
#EE3A8C,238,58,140,VioletRed2,,,X11,,
#CD3278,205,50,120,VioletRed3,,,X11,,
#8B2252,139,34,82,VioletRed4,,,X11,,
#808080,128,128,128,WebGray,web-gray,gray,X11,,
#008000,0,128,0,WebGreen,web-green,,X11,,
#808080,128,128,128,WebGrey,web-grey,grey,X11,,
#800000,128,0,0,WebMaroon,web-maroon,,X11,,
#800080,128,0,128,WebPurple,web-purple,,X11,,
#F5DEB3,245,222,179,wheat,,,X11,SVG,
#FFE7BA,255,231,186,wheat1,,,X11,,
#EED8AE,238,216,174,wheat2,,,X11,,
#CDBA96,205,186,150,wheat3,,,X11,,
#8B7E66,139,126,102,wheat4,,,X11,,
#FFFFFF,255,255,255,white,,,X11,SVG,
#F5F5F5,245,245,245,WhiteSmoke,white-smoke,,X11,SVG,
#BEBEBE,190,190,190,X11Gray,x11-gray,gray,X11,,
#00FF00,0,255,0,X11Green,x11-green,,X11,,
#BEBEBE,190,190,190,X11Grey,x11-grey,grey,X11,,
#B03060,176,48,96,X11Maroon,x11-maroon,,X11,,
#A020F0,160,32,240,X11Purple,x11-purple,,X11,,
#FFFF00,255,255,0,yellow,,,X11,SVG,
#FFFF00,255,255,0,yellow1,,,X11,,
#EEEE00,238,238,0,yellow2,,,X11,,
#CDCD00,205,205,0,yellow3,,,X11,,
#8B8B00,139,139,0,yellow4,,,X11,,
#9ACD32,154,205,50,YellowGreen,yellow-green,,X11,SVG,
